{
    "latitudes": 37.5429755716584,
    "longitudes": 126.966488162658,
    "uptimes": 1665117152322,
    "speed": 40.2,
    "ping": 3
}
